<?xml version="1.0" encoding="UTF-8"?>
<workflow-metadata content-type="text/plain" xmlns="http://www.knime.org/core/node/workflow/metadata/v1.0">
    <author>winter</author>
    <created>2015-05-05T12:00:01.000+02:00</created>
    <last-modified>2023-09-08T15:11:01.042-03:00</last-modified>
    <description>How to access YouTube REST API

This workflow accesses a few YouTube services through the Google YouTube REST API.
-"search" to retrieve videos according to selected keywords (use + to join multiple keywords).
- call "videos" to get details about a given video through its video ID.
- call "commentThreads" to get all comments for a video with a given videoID.

In order to access the data you need an API Key from Google Cloud Console enabled for Youtube REST Service.</description>
    <tags>
        <tag>YouTube</tag>
        <tag>REST</tag>
        <tag>Google API</tag>
        <tag>video metadata</tag>
        <tag>tag cloud</tag>
        <tag>will they blend</tag>
    </tags>
    <links>
        <link href="https://www.knime.org/blog/YouTube-meets-WebLog">Will They Blend? Experiments in Data &amp; Tool Blending. Today: YouTube Metadata meet WebLog Files. What will it be tonight – a movie or a book?</link>
        <link href="https://developers.google.com/apis-explorer/?hl=en_US#p/youtube/v3/">Youtube API Reference</link>
        <link href="https://developers.google.com/youtube/v3/getting-started#before-you-start">YouTube API Overview</link>
    </links>
</workflow-metadata>